Title,Location,Bedrooms,Bathrooms,Size,Date,Amenities,Url,Property Type,Payment_type,Price
"11,696 ft² Warehouse with Fibre Internet at Baba Dogo","Baba Dogo, Ruaraka",,,11696 ft²,28/06/2024,"['Alarm', 'CCTV', 'Electric Fence', 'Fibre Internet', 'Parking']",/listings/11696-ft2-warehouse-for-sale-ruaraka-3702867,commercial-property,sale,"KSh 65,500,000"
"2,508 m² Commercial Property in Gigiri","Gigiri, Westlands",,,2508 m²,12/02/2024,[],/listings/2508-m2-commercial-property-for-sale-gigiri-7-3427515,commercial-property,sale,Price not communicated
"4,550 ft² Commercial Property with Backup Generator in Karen",Karen,,,4550 ft²,12/02/2024,"['Backup Generator', 'Garden', 'Parking']",/listings/4550-ft2-commercial-property-for-sale-karen-6-3427507,commercial-property,sale,"KSh 120,000,000"
Warehouse in Industrial Area,Industrial Area,,,,31/07/2024,[],/listings/warehouse-for-sale-industrial-area-3710987,commercial-property,sale,"KSh 500,000,000"
Warehouse in Ruaraka,Ruaraka,,,,31/07/2024,[],/listings/warehouse-for-sale-ruaraka-3710983,commercial-property,sale,"KSh 100,000,000"
Warehouse in Ruaraka,Ruaraka,,,,31/07/2024,[],/listings/warehouse-for-sale-ruaraka-3710980,commercial-property,sale,"KSh 100,000,000"
Furnished Commercial Property with Service Charge Included in Karura,"Karura, Westlands",,,,31/07/2024,"['Alarm', 'Backup Generator', 'Balcony', 'CCTV', 'Electric Fence', 'Fibre Internet', 'Furnished', 'Garden', 'Kids Play Area', 'Lift/Elevator', 'Parking', 'Pet Friendly', 'Service Charge Included', 'Wheelchair Access']",/listings/furnished-commercial-property-for-sale-karura-3710877,commercial-property,sale,Price not communicated
Commercial Property with Backup Generator in Kitengela,Kitengela,,,,31/07/2024,"['Alarm', 'Backup Generator', 'Balcony', 'CCTV', 'Fibre Internet', 'Parking', 'Pet Friendly', 'Wheelchair Access']",/listings/commercial-property-for-sale-kitengela-3710835,commercial-property,sale,"KSh 80,000,000"
Commercial Property at River Road,"River Road, Nairobi CBD",,,,30/07/2024,[],/listings/commercial-property-for-sale-nairobi-cbd-3710736,commercial-property,sale,"KSh 80,000,000"
Commercial Property at River Road,"River Road, Nairobi CBD",,,,30/07/2024,[],/listings/commercial-property-for-sale-nairobi-cbd-3710734,commercial-property,sale,"KSh 250,000,000"
Office with Backup Generator in Kilimani,Kilimani,,,,30/07/2024,"['Backup Generator', 'Balcony', 'CCTV', 'Electric Fence', 'Fibre Internet', 'Lift/Elevator', 'Parking']",/listings/office-for-sale-kilimani-3710543,commercial-property,sale,"KSh 11,950"
Commercial Property with Electric Fence at Tena Estate,"Tena Estate, Embakasi",,,,29/07/2024,['Electric Fence'],/listings/commercial-property-for-sale-embakasi-3710319,commercial-property,sale,"KSh 450,000,000"
"20,000 ft² Warehouse with Parking in Industrial Area",Industrial Area,,,20000 ft²,29/07/2024,"['Aircon', 'CCTV', 'Parking']",/listings/20000-ft2-warehouse-for-sale-industrial-area-3710299,commercial-property,sale,"KSh 130,000,000"
Commercial Property in Narok,Narok,,,,27/07/2024,[],/listings/commercial-property-for-sale-narok-3493540,commercial-property,sale,"KSh 3,000,000"
"8,720 ft² Warehouse with Fibre Internet at Mombasa Rd","Mombasa Rd, Athi River",,,8720 ft²,23/07/2024,"['CCTV', 'Electric Fence', 'Fibre Internet', 'Parking']",/listings/8720-ft2-warehouse-for-sale-athi-river-area-3708853,commercial-property,sale,"KSh 34,880,000"
Commercial Property with Fibre Internet at Ngara,Ngara,,,,23/07/2024,"['Fibre Internet', 'Lift/Elevator', 'Parking']",/listings/commercial-property-for-sale-ngara-3708111,commercial-property,sale,"KSh 300,000,000"
"2,100 ft² Commercial Property with Fibre Internet at Argwings Kodhek","Argwings Kodhek, Kilimani",,,2100 ft²,22/07/2024,"['Alarm', 'CCTV', 'Electric Fence', 'Fibre Internet', 'Parking']",/listings/2100-ft2-commercial-property-for-sale-kilimani-3661256,commercial-property,sale,"KSh 26,250,000,000"
Warehouse in Ruiru,Ruiru,,,,22/07/2024,[],/listings/warehouse-for-sale-ruiru-3708376,commercial-property,sale,"KSh 4,500"
Commercial Property with Service Charge Included at Moi Avenue,"Moi avenue, Mombasa Island",,,,19/07/2024,"['Alarm', 'Backup Generator', 'Balcony', 'Lift/Elevator', 'Parking', 'Service Charge Included', 'Wheelchair Access']",/listings/commercial-property-for-sale-mombasa-island-3707930,commercial-property,sale,"KSh 135,000,000"
506 m² Commercial Property at Irungu Riika Road,"Irungu riika Road, Ngara",,,506 m²,18/07/2024,[],/listings/506-m2-commercial-property-for-sale-ngara-3707114,commercial-property,sale,"KSh 98,000,000"
Commercial Property with Aircon at Utange Mombasa,"Utange Mombasa, Utange Mombasa, Bamburi",,,,18/07/2024,"['Aircon', 'Electric Fence', 'Kids Play Area', 'Pet Friendly']",/listings/commercial-property-for-sale-bamburi-3707519,commercial-property,sale,"KSh 15,000,000"
Warehouse in Kikuyu Town,"Kikuyu Town, Kikuyu",,,,22/03/2024,[],/listings/warehouse-for-sale-kikuyu-town-3683029,commercial-property,sale,"KSh 135,000,000"
Warehouse in Mombasa Road,Mombasa Road,,,,23/03/2024,[],/listings/warehouse-for-sale-mombasa-road-3683194,commercial-property,sale,"KSh 180,000,000"
Commercial Property in Nairobi CBD,Nairobi CBD,,,,03/05/2024,[],/listings/commercial-property-for-sale-nairobi-cbd-3690906,commercial-property,sale,"KSh 650,000,000"
Office in Spring Valley,"Spring Valley, Westlands",,,,12/07/2024,[],/listings/office-for-sale-spring-valley-3701177,commercial-property,sale,"KSh 48,500,000"
Office in Parklands,"Parklands, Westlands",,,,28/06/2024,[],/listings/office-for-sale-parklands-3703064,commercial-property,sale,"KSh 17,000,000"
"11,500 ft² Warehouse in Mombasa Road",Mombasa Road,,,11500 ft²,04/07/2024,[],/listings/11500-ft2-warehouse-for-sale-mombasa-road-3703995,commercial-property,sale,"KSh 69,000,000"
Commercial Property with Backup Generator at Mogotio Road,"Mogotio road, Westlands Area, Westlands",,,,11/07/2024,"['Alarm', 'Backup Generator', 'Balcony', 'CCTV', 'Electric Fence', 'Fibre Internet', 'Garden', 'Gated Community', 'Lift/Elevator', 'Parking', 'Wheelchair Access']",/listings/commercial-property-for-sale-westlands-area-3705952,commercial-property,sale,"KSh 800,000,000"
Furnished Commercial Property with Service Charge Included at Mtwapa,Mtwapa,,,,11/07/2024,"['Aircon', 'Alarm', 'Backup Generator', 'Balcony', 'CCTV', 'Electric Fence', 'Fibre Internet', 'Furnished', 'Garden', 'Gated Community', 'Kids Play Area', 'Lift/Elevator', 'Parking', 'Pet Friendly', 'Service Charge Included', 'Wheelchair Access']",/listings/furnished-commercial-property-for-sale-mtwapa-3705785,commercial-property,sale,"KSh 45,500,000"
"2,432 ft² Warehouse with Service Charge Included at Eastern Bypass","Eastern Bypass, Eastern ByPass, Ruiru",,,2432 ft²,11/07/2024,"['CCTV', 'Parking', 'Service Charge Included']",/listings/2432-ft2-warehouse-for-sale-eastern-bypass-3705781,commercial-property,sale,"KSh 210,000"
"6,940 ft² Office with Backup Generator at Kilimani",Kilimani,,,6940 ft²,11/07/2024,"['Aircon', 'Alarm', 'Backup Generator', 'Balcony', 'CCTV', 'Electric Fence', 'Fibre Internet', 'Gated Community', 'Kids Play Area', 'Lift/Elevator', 'Parking', 'Wheelchair Access']",/listings/6940-ft2-office-for-sale-kilimani-3705763,commercial-property,sale,"KSh 30,000,000"
"7,530 ft² Warehouse with Backup Generator at Thika Road","Thika Road, Ruaraka",,,7530 ft²,10/07/2024,"['Backup Generator', 'CCTV']",/listings/7530-ft2-warehouse-for-sale-ruaraka-3705503,commercial-property,sale,"KSh 48,041,400"
Commercial Property with Backup Generator in Upper Hill,Upper Hill,,,,05/07/2024,"['Backup Generator', 'Lift/Elevator', 'Parking', 'Wheelchair Access']",/listings/commercial-property-for-sale-upper-hill-3702511,commercial-property,sale,"KSh 14,500,000"
"1,347 ft² Office with Backup Generator at Ngong Road","Ngong Road, Upper Hill",,,1347 ft²,29/07/2024,"['Alarm', 'Backup Generator', 'CCTV', 'Electric Fence', 'Fibre Internet', 'Lift/Elevator', 'Parking', 'Wheelchair Access']",/listings/1347-ft2-office-for-sale-upper-hill-3704066,commercial-property,sale,"KSh 17,511,000"
"1,451 ft² Office with Backup Generator at Near The National Library","Near the National Library, Upper Hill",,,1451 ft²,29/07/2024,"['Alarm', 'Backup Generator', 'CCTV', 'Electric Fence', 'Fibre Internet', 'Lift/Elevator', 'Parking', 'Wheelchair Access']",/listings/1451-ft2-office-for-sale-upper-hill-3704060,commercial-property,sale,"KSh 18,863,000"
Warehouse with Backup Generator at Off Enterprise Rd,"Off Enterprise Rd, Industrial Area",,,,04/07/2024,"['Backup Generator', 'Electric Fence', 'Fibre Internet', 'Parking']",/listings/warehouse-for-sale-industrial-area-3704015,commercial-property,sale,"KSh 280,000,000"
Commercial Property with Backup Generator at Jkia,"JKIA, Embakasi",,,,03/05/2024,"['Aircon', 'Backup Generator', 'CCTV', 'Lift/Elevator', 'Parking']",/listings/commercial-property-for-sale-embakasi-3688735,commercial-property,sale,"KSh 400,000,000"
"7,000 ft² Office in Kilimani",Kilimani,,,7000 ft²,03/06/2024,"['Bus Stop', 'Hospital', 'Scenic View', 'School', 'Shopping Centre']",/listings/7000-ft2-office-for-sale-kilimani-3641164,commercial-property,sale,"KSh 12,500"
0.47 ft² Office with Parking in Industrial Area,Industrial Area,,,,28/06/2024,['Parking'],/listings/047-ft2-office-for-sale-industrial-area-3703066,commercial-property,sale,"KSh 85,000,000"
"1,700 ft² Office with Backup Generator at Kiambere Road","Kiambere road, Upper Hill",,,1700 ft²,27/06/2024,"['Backup Generator', 'CCTV', 'Electric Fence', 'Fibre Internet', 'Lift/Elevator', 'Parking', 'Wheelchair Access']",/listings/1700-ft2-office-for-sale-upper-hill-3702785,commercial-property,sale,"KSh 21,512,000"
Commercial Property with Garden in Ruiru,Ruiru,,,,26/06/2024,"['Garden', 'Gated Community', 'Kids Play Area']",/listings/commercial-property-for-sale-ruiru-3702701,commercial-property,sale,"KSh 32,500,000"
Furnished Commercial Property with Parking in Nairobi CBD,Nairobi CBD,,,,26/06/2024,"['Furnished', 'Parking']",/listings/furnished-commercial-property-for-sale-nairobi-cbd-3702698,commercial-property,sale,"KSh 562,500,000"
Commercial Property with Parking at Odera Street,"Odera Street, Kisumu",,,,21/06/2024,['Parking'],/listings/commercial-property-for-sale-kisumu-3701697,commercial-property,sale,"KSh 120,000,000"
"1,888 ft² Office with Backup Generator at David Kayanda Road","Kayanda road, David Kayanda road, Kizingo, Mombasa Island",,,1888 ft²,21/06/2024,"['Alarm', 'Backup Generator', 'Balcony', 'CCTV', 'Lift/Elevator', 'Parking']",/listings/1888-ft2-office-for-sale-kizingo-3471540,commercial-property,sale,"KSh 30,000,000"
Warehouse in Mombasa CBD,"Mombasa CBD, Mombasa Island",,,,18/06/2024,[],/listings/warehouse-for-sale-mombasa-cbd-3700821,commercial-property,sale,"KSh 55,000,000"
Commercial Property in Likoni,Likoni,,,,18/06/2024,[],/listings/commercial-property-for-sale-likoni-3700817,commercial-property,sale,"KSh 1,300,000,000"
Furnished Commercial Property with Backup Generator in Diani,Diani,,,,18/06/2024,"['Aircon', 'Backup Generator', 'CCTV', 'Furnished', 'Garden', 'Parking']",/listings/furnished-commercial-property-for-sale-diani-3700815,commercial-property,sale,"KSh 2,000,000,000"
"11,691 ft² Warehouse with Parking in Ruaraka",Ruaraka,,,11691 ft²,18/06/2024,['Parking'],/listings/11691-ft2-warehouse-for-sale-ruaraka-3700764,commercial-property,sale,"KSh 64,300,500"
"Furnished 2,800 ft² Commercial Property with Service Charge Included at Outering ...","HARMONY ROAD, OUTERING ROAD, Buruburu",,,2800 ft²,12/06/2024,"['Alarm', 'Backup Generator', 'Balcony', 'CCTV', 'Fibre Internet', 'Furnished', 'Parking', 'Service Charge Included']",/listings/furnished-2800-ft2-commercial-property-for-sale-buruburu-3699600,commercial-property,sale,"KSh 35,000,000"
"5,000 ac Commercial Property with Parking in Narok",Narok,,,5000 ac,01/07/2024,['Parking'],/listings/5000-ac-commercial-property-for-sale-narok-3699456,commercial-property,sale,"KSh 1,000,000,000"
10 ac Commercial Property in Narok,Narok,,,10 ac,01/07/2024,[],/listings/10-ac-commercial-property-for-sale-narok-3699455,commercial-property,sale,"KSh 700,000,000"
Office with Backup Generator in Kilimani,Kilimani,,,,04/07/2024,"['Alarm', 'Backup Generator', 'Balcony', 'CCTV', 'Electric Fence', 'Fibre Internet', 'Lift/Elevator', 'Parking']",/listings/office-for-sale-kilimani-3699027,commercial-property,sale,"KSh 12,500"
Office with Backup Generator in Kilimani,Kilimani,,,,04/07/2024,"['Alarm', 'Backup Generator', 'CCTV', 'Electric Fence', 'Lift/Elevator', 'Parking']",/listings/office-for-sale-kilimani-3699020,commercial-property,sale,"KSh 12,500"
Commercial Property with Parking at Ruaka Town,"Ruaka Town, Ruaka",,,,08/06/2024,"['Alarm', 'Balcony', 'Electric Fence', 'Gated Community', 'Parking']",/listings/commercial-property-for-sale-ruaka-3698726,commercial-property,sale,"KSh 280,000,000"
Furnished 2 ac Commercial Property with Backup Generator in Machakos County,Machakos County,,,2 ac,05/06/2024,"['Aircon', 'Alarm', 'Backup Generator', 'Balcony', 'Fibre Internet', 'Furnished', 'Garden', 'Gated Community', 'Kids Play Area', 'Parking', 'Pet Friendly', 'Wheelchair Access']",/listings/furnished-2-ac-commercial-property-for-sale-machakos-3696809,commercial-property,sale,"KSh 375,000,000"
Office in Westlands Area,"Westlands Area, Westlands",,,,05/06/2024,[],/listings/office-for-sale-westlands-area-3697805,commercial-property,sale,"KSh 120,000,000"
Office in Karen,Karen,,,,29/02/2024,[],/listings/office-for-sale-karen-3678076,commercial-property,sale,Price not communicated
Office in Parklands,"Parklands, Westlands",,,,02/06/2024,[],/listings/office-for-sale-parklands-3697067,commercial-property,sale,"KSh 18,500,000"
Commercial Property at Naivasha Road,"Naivasha Road, Dagoretti Corner",,,,31/05/2024,[],/listings/commercial-property-for-sale-dagoretti-corner-3696753,commercial-property,sale,"KSh 285,000,000"
Warehouse in Mombasa Road,Mombasa Road,,,,11/04/2024,[],/listings/warehouse-for-sale-mombasa-road-3686679,commercial-property,sale,"KSh 400,000,000"
"7,530 ft² Warehouse with Service Charge Included at Baba Dogo","baba dogo, Ruaraka",,,7530 ft²,30/05/2024,"['Alarm', 'Backup Generator', 'CCTV', 'Electric Fence', 'Fibre Internet', 'Parking', 'Service Charge Included', 'Wheelchair Access']",/listings/7530-ft2-warehouse-for-sale-ruaraka-3696407,commercial-property,sale,"KSh 52,000,000"
Office in Kilimani,Kilimani,,,,27/05/2024,[],/listings/office-for-sale-kilimani-3695718,commercial-property,sale,"KSh 22,000,000"
Office with Parking in Parklands,"Parklands, Westlands",,,,27/05/2024,['Parking'],/listings/office-for-sale-parklands-3695702,commercial-property,sale,"KSh 190,000,000"
Commercial Property with Backup Generator in Kilimani,Kilimani,,,,27/05/2024,"['Alarm', 'Backup Generator', 'Balcony', 'CCTV', 'Electric Fence', 'Lift/Elevator', 'Parking']",/listings/commercial-property-for-sale-kilimani-3695628,commercial-property,sale,"KSh 5,000,000"
"100,000 ft² Warehouse with Parking in Imara Daima",Imara Daima,,,100000 ft²,16/07/2024,"['Electric Fence', 'Parking']",/listings/100000-ft2-warehouse-for-sale-imara-daima-3695307,commercial-property,sale,"KSh 1,000,000,000"
Office with Lift in Westlands Area,"Westlands Area, Westlands",,,,21/05/2024,"['CCTV', 'Electric Fence', 'Lift/Elevator', 'Parking']",/listings/office-for-sale-westlands-area-3694393,commercial-property,sale,"KSh 11,000"
Commercial Property at Keekorok Rd,"Keekorok Rd, Nairobi CBD",,,,21/05/2024,[],/listings/commercial-property-for-sale-nairobi-cbd-3694388,commercial-property,sale,"KSh 70,000,000"
"24,285 ft² Warehouse with Backup Generator at Butere Road","Butere road, Industrial Area",,,24285 ft²,17/05/2024,"['Backup Generator', 'Balcony', 'CCTV', 'Electric Fence', 'Fibre Internet', 'Gated Community', 'Kids Play Area', 'Lift/Elevator', 'Parking']",/listings/24285-ft2-warehouse-for-sale-industrial-area-3693345,commercial-property,sale,"KSh 150,000,000"
Commercial Property in Nairobi CBD,Nairobi CBD,,,,05/02/2024,[],/listings/commercial-property-for-sale-nairobi-cbd-3646614,commercial-property,sale,"KSh 500,000,000"
Commercial Property in Nairobi CBD,Nairobi CBD,,,,12/02/2024,[],/listings/commercial-property-for-sale-nairobi-cbd-3674134,commercial-property,sale,"KSh 150,000,000"
Commercial Property in Karen,Karen,,,,05/02/2024,[],/listings/commercial-property-for-sale-karen-3629004,commercial-property,sale,"KSh 15,000"
Office with Backup Generator in Kileleshwa,Kileleshwa,,,,04/07/2024,"['Backup Generator', 'CCTV', 'Electric Fence', 'Fibre Internet', 'Garden', 'Lift/Elevator', 'Parking', 'Wheelchair Access']",/listings/office-for-sale-kileleshwa-3691682,commercial-property,sale,"KSh 3,600,000"
Commercial Property with Backup Generator at Kilimani Road,"Kilimani Road, Kilimani",,,,12/07/2024,"['Alarm', 'Backup Generator', 'Balcony', 'CCTV', 'Electric Fence', 'Fibre Internet', 'Garden', 'Parking']",/listings/commercial-property-for-sale-kilimani-12-3563929,commercial-property,sale,"KSh 555,000,000"
"6,458 ft² Warehouse with Fibre Internet at Babadogo","Babadogo, Thika Road",,,6458 ft²,06/05/2024,"['Alarm', 'CCTV', 'Electric Fence', 'Fibre Internet', 'Parking', 'Wheelchair Access']",/listings/6458-ft2-warehouse-for-sale-thika-road-3689030,commercial-property,sale,"KSh 41,400,000"
Commercial Property with Parking in Ngong Road,Ngong Road,,,,22/05/2024,"['Balcony', 'Electric Fence', 'Garden', 'Gated Community', 'Kids Play Area', 'Parking', 'Pet Friendly']",/listings/commercial-property-for-sale-ngong-road-3690832,commercial-property,sale,"KSh 199,000,000"
Warehouse in Industrial Area,Industrial Area,,,,06/06/2024,[],/listings/warehouse-for-sale-industrial-area-3690721,commercial-property,sale,"KSh 65,000,000"
"8,400 ft² Warehouse with Parking in Athi River",Athi River,,,8400 ft²,12/07/2024,"['Electric Fence', 'Parking']",/listings/8400-ft2-warehouse-for-sale-athi-river-area-3643493,commercial-property,sale,"KSh 28,000,000"
Furnished Office with Fibre Internet in Ngong Road,Ngong Road,,,,02/05/2024,"['CCTV', 'Fibre Internet', 'Furnished', 'Lift/Elevator', 'Parking']",/listings/furnished-office-for-sale-ngong-road-3690694,commercial-property,sale,"KSh 20,000,000"
Commercial Property with Balcony in Donholm,Donholm,,,,02/05/2024,['Balcony'],/listings/commercial-property-for-sale-donholm-3679476,commercial-property,sale,Price not communicated
Commercial Property with Parking in Kilimani,Kilimani,,,,02/05/2024,"['CCTV', 'Parking']",/listings/commercial-property-for-sale-kilimani-3609666,commercial-property,sale,"KSh 19,500,000"
Commercial Property with Backup Generator at Nairobi,"Nairobi, Kilimani",,,,02/05/2024,"['Backup Generator', 'Electric Fence', 'Garden', 'Lift/Elevator', 'Parking', 'Wheelchair Access']",/listings/commercial-property-for-sale-kilimani-3603146,commercial-property,sale,"KSh 45,000,000"
Commercial Property with Backup Generator at Nairobi,"118, Nairobi, Nairobi CBD",,,,02/05/2024,"['Backup Generator', 'CCTV', 'Lift/Elevator']",/listings/commercial-property-for-sale-nairobi-cbd-3603147,commercial-property,sale,"KSh 700,000,000"
Commercial Property with Backup Generator at Lavington Green,"Maziwa, Lavington Green, Lavington",,,,12/07/2024,"['Alarm', 'Backup Generator', 'Balcony', 'CCTV', 'Electric Fence', 'Fibre Internet', 'Garden', 'Gated Community', 'Kids Play Area', 'Parking', 'Pet Friendly']",/listings/commercial-property-for-sale-lavington-3679669,commercial-property,sale,"KSh 290,000,000"
Furnished Shop with Lift in Ngong Road,Ngong Road,,,,19/06/2024,"['Alarm', 'CCTV', 'Furnished', 'Lift/Elevator', 'Parking']",/listings/furnished-shop-for-sale-ngong-road-3690541,commercial-property,sale,"KSh 50,000,000"
2 ac Commercial Property with Parking at Kokotoni - Mariakani,"Kokotoni, Kokotoni - mariakani, Kilifi County",,,2 ac,06/06/2024,['Parking'],/listings/2-ac-commercial-property-for-sale-kilifi-3689462,commercial-property,sale,"KSh 28,000,000"
5.5 ac Commercial Property in Murang'a County,Murang'a County,,,5 ac,06/06/2024,[],/listings/55-ac-commercial-property-for-sale-muranga-3689410,commercial-property,sale,"KSh 300,000,000"
Commercial Property in Kisumu,Kisumu,,,,06/06/2024,[],/listings/commercial-property-for-sale-kisumu-3664558,commercial-property,sale,"KSh 150,000,000"
Office with Lift in Westlands Area,"Westlands Area, Westlands",,,,23/04/2024,"['Balcony', 'Lift/Elevator', 'Parking']",/listings/office-for-sale-westlands-area-3688878,commercial-property,sale,"KSh 32,400,000"
0.9882 ft² Warehouse with Parking in Industrial Area,Industrial Area,,,,16/05/2024,['Parking'],/listings/09882-ft2-warehouse-for-sale-industrial-area-3688693,commercial-property,sale,"KSh 180,000,000"
Office with Backup Generator in Kilimani,Kilimani,,,,04/07/2024,"['Alarm', 'Backup Generator', 'Balcony', 'CCTV', 'Fibre Internet', 'Lift/Elevator', 'Wheelchair Access']",/listings/office-for-sale-kilimani-3688453,commercial-property,sale,"KSh 13,000,000"
"5,700 ft² Warehouse with Backup Generator in Ruaraka",Ruaraka,,,5700 ft²,05/06/2024,"['Backup Generator', 'CCTV', 'Electric Fence', 'Parking']",/listings/5700-ft2-warehouse-for-sale-ruaraka-3686051,commercial-property,sale,"KSh 31,920,000"
Commercial Property with Backup Generator in Kileleshwa,Kileleshwa,,,,04/07/2024,"['Alarm', 'Backup Generator', 'CCTV', 'Electric Fence', 'Fibre Internet', 'Garden', 'Kids Play Area', 'Lift/Elevator', 'Parking', 'Pet Friendly', 'Wheelchair Access']",/listings/commercial-property-for-sale-kileleshwa-3683241,commercial-property,sale,"KSh 5,800,000"
0.0941 ac Commercial Property with Fibre Internet in Juja,Juja,,,,29/07/2024,"['Balcony', 'CCTV', 'Fibre Internet']",/listings/00941-ac-commercial-property-for-sale-juja-3682817,commercial-property,sale,"KSh 80,000,000"
"6,738 ft² Warehouse with Parking in Ruaraka",Ruaraka,,,6738 ft²,16/05/2024,"['Electric Fence', 'Parking']",/listings/6738-ft2-warehouse-for-sale-ruaraka-3682460,commercial-property,sale,"KSh 37,059,000"
Commercial Property with Parking in Westlands Area,"Westlands Area, Westlands",,,,20/03/2024,['Parking'],/listings/commercial-property-for-sale-westlands-area-3682636,commercial-property,sale,"KSh 58,090,000"
Commercial Property in Karen,Karen,,,,20/03/2024,[],/listings/commercial-property-for-sale-karen-3682625,commercial-property,sale,"KSh 28,800,000"
Commercial Property in Nairobi CBD,Nairobi CBD,,,,11/03/2024,[],/listings/commercial-property-for-sale-nairobi-cbd-3680272,commercial-property,sale,"KSh 120,000,000"
"1,000 m² Commercial Property with Service Charge Included at Mtwapa",Mtwapa,,,1000 m²,01/07/2024,"['Aircon', 'Alarm', 'Backup Generator', 'Balcony', 'CCTV', 'Electric Fence', 'Parking', 'Service Charge Included', 'Wheelchair Access']",/listings/1000-m2-commercial-property-for-sale-mtwapa-3677444,commercial-property,sale,"KSh 57,000,000"
Commercial Property with Backup Generator at Umoja Inner Core,"Umoja inner core, Donholm",,,,29/06/2024,"['Alarm', 'Backup Generator', 'Balcony', 'CCTV', 'Electric Fence', 'Parking']",/listings/commercial-property-for-sale-donholm-3677204,commercial-property,sale,"KSh 60,000,000"
Office with Service Charge Included in Nairobi CBD,Nairobi CBD,,,,23/02/2024,"['CCTV', 'Service Charge Included']",/listings/office-for-sale-nairobi-cbd-3676894,commercial-property,sale,"KSh 145,000,000"
Commercial Property in Kilimani,Kilimani,,,,19/02/2024,[],/listings/commercial-property-for-sale-kilimani-3675556,commercial-property,sale,"KSh 170,000,000"
"8,500 ft² Warehouse with Parking in Ruaraka",Ruaraka,,,8500 ft²,16/05/2024,['Parking'],/listings/8500-ft2-warehouse-for-sale-ruaraka-3674966,commercial-property,sale,"KSh 5,500"
"6,457 ft² Warehouse with Parking in Ruiru",Ruiru,,,6457 ft²,16/05/2024,['Parking'],/listings/6457-ft2-warehouse-for-sale-ruiru-3674962,commercial-property,sale,"KSh 31,000,000"
1.5 ac Warehouse in Industrial Area,Industrial Area,,,1 ac,16/05/2024,[],/listings/15-ac-warehouse-for-sale-industrial-area-3674956,commercial-property,sale,"KSh 300,000,000"
"7,069 ft² Warehouse with Parking in Ruiru",Ruiru,,,7069 ft²,16/05/2024,['Parking'],/listings/7069-ft2-warehouse-for-sale-ruiru-3674848,commercial-property,sale,"KSh 31,800,000"
"4,497 ft² Warehouse in Industrial Area",Industrial Area,,,4497 ft²,16/05/2024,[],/listings/4497-ft2-warehouse-for-sale-industrial-area-3674845,commercial-property,sale,"KSh 55,000,000"
0.05 ha Commercial Property at Thogoto,"Thogoto, Kikuyu Town, Kikuyu",,,,13/02/2024,[],/listings/005-ha-commercial-property-for-sale-kikuyu-town-3674377,commercial-property,sale,"KSh 13,500,000"
"8,650 ft² Warehouse in Juja",Juja,,,8650 ft²,06/02/2024,[],/listings/8650-ft2-warehouse-for-sale-juja-3672786,commercial-property,sale,"KSh 34,600,000"
Commercial Property in Gigiri,"Gigiri, Westlands",,,,06/02/2024,[],/listings/commercial-property-for-sale-gigiri-3672780,commercial-property,sale,"KSh 150,000,000"
Warehouse in Athi River,Athi River,,,,05/02/2024,[],/listings/warehouse-for-sale-athi-river-area-3671575,commercial-property,sale,"KSh 210,000,000"
Commercial Property in Malindi,Malindi,,,,05/06/2024,[],/listings/commercial-property-for-sale-malindi-2-3387995,commercial-property,sale,"KSh 350,000,000"
"10,700 ft² Warehouse in Ruiru",Ruiru,,,10700 ft²,25/03/2024,[],/listings/10700-ft2-warehouse-for-sale-ruiru-3669948,commercial-property,sale,"KSh 3,950"
Office in Kilimani,Kilimani,,,,05/02/2024,[],/listings/office-for-sale-kilimani-3669402,commercial-property,sale,"KSh 11,950"
Warehouse in Syokimau,Syokimau,,,,05/02/2024,[],/listings/warehouse-for-sale-syokimau-3669171,commercial-property,sale,"KSh 150,000,000"
Furnished Commercial Property with Service Charge Included at Diani Beach Road,"Diani Beach Road, Diani",,,,27/05/2024,"['Aircon', 'Alarm', 'Backup Generator', 'Balcony', 'CCTV', 'Fibre Internet', 'Furnished', 'Garden', 'Parking', 'Service Charge Included', 'Wheelchair Access']",/listings/furnished-commercial-property-for-sale-diani-3668971,commercial-property,sale,"KSh 4,700,000,000"
0.7299 ha Commercial Property with Backup Generator at Mtwapa,"La-marina, Mtwapa",,,,01/07/2024,"['Aircon', 'Alarm', 'Backup Generator', 'Balcony', 'CCTV', 'Electric Fence', 'Fibre Internet', 'Garden', 'Parking', 'Wheelchair Access']",/listings/07299-ha-commercial-property-for-sale-mtwapa-3668383,commercial-property,sale,"KSh 215,000,000"
Office in Riverside,"Riverside, Westlands",,,,18/03/2024,[],/listings/office-for-sale-riverside-3666637,commercial-property,sale,"KSh 648,645"
Office in Westlands Area,"Westlands Area, Westlands",,,,18/03/2024,[],/listings/office-for-sale-westlands-area-3666636,commercial-property,sale,"KSh 8,800,000"
Office in Westlands Area,"Westlands Area, Westlands",,,,18/03/2024,[],/listings/office-for-sale-westlands-area-3666635,commercial-property,sale,"KSh 52,500,000"
Office in Westlands Area,"Westlands Area, Westlands",,,,18/03/2024,[],/listings/office-for-sale-westlands-area-3666634,commercial-property,sale,"KSh 52,500,000"
Office in Kilimani,Kilimani,,,,18/03/2024,[],/listings/office-for-sale-kilimani-3666629,commercial-property,sale,"KSh 15,000,000"
Office in Kilimani,Kilimani,,,,18/03/2024,[],/listings/office-for-sale-kilimani-3666628,commercial-property,sale,"KSh 15,000,000"
Office in Kilimani,Kilimani,,,,18/03/2024,[],/listings/office-for-sale-kilimani-3666626,commercial-property,sale,"KSh 24,000,000"
Office in Kilimani,Kilimani,,,,18/03/2024,[],/listings/office-for-sale-kilimani-3666624,commercial-property,sale,"KSh 29,000,000"
Office in Kilimani,Kilimani,,,,18/03/2024,[],/listings/office-for-sale-kilimani-3666623,commercial-property,sale,"KSh 35,167,500"
Office in Kilimani,Kilimani,,,,18/03/2024,[],/listings/office-for-sale-kilimani-3666621,commercial-property,sale,"KSh 64,935,000"
Commercial Property in Kilimani,Kilimani,,,,18/03/2024,[],/listings/commercial-property-for-sale-kilimani-3666620,commercial-property,sale,"KSh 54,833,385"
Office in Kilimani,Kilimani,,,,18/03/2024,[],/listings/office-for-sale-kilimani-3666619,commercial-property,sale,"KSh 44,172,000"
Commercial Property in Kilimani,Kilimani,,,,18/03/2024,[],/listings/commercial-property-for-sale-kilimani-3666503,commercial-property,sale,"KSh 200,000,000"
Furnished Commercial Property with Service Charge Included in Nyali Area,"Nyali Area, Nyali",,,,22/07/2024,"['Aircon', 'Alarm', 'Backup Generator', 'Balcony', 'CCTV', 'Electric Fence', 'Fibre Internet', 'Furnished', 'Garden', 'Parking', 'Service Charge Included', 'Wheelchair Access']",/listings/furnished-commercial-property-for-sale-nyali-area-3665723,commercial-property,sale,"KSh 350,000,000"
Furnished 2 ac Commercial Property with Service Charge Included at Nyali,"Nyali, Nyali Area",,,2 ac,01/07/2024,"['Aircon', 'Alarm', 'Backup Generator', 'Balcony', 'CCTV', 'Electric Fence', 'Fibre Internet', 'Furnished', 'Garden', 'Parking', 'Service Charge Included', 'Wheelchair Access']",/listings/furnished-2-ac-commercial-property-for-sale-nyali-area-3665699,commercial-property,sale,"KSh 345,000,000"
700 ft² Office with Backup Generator at Ngong Road,"ngong road, Karen",,,700 ft²,28/05/2024,"['Alarm', 'Backup Generator', 'Electric Fence', 'Fibre Internet', 'Garden', 'Lift/Elevator', 'Parking']",/listings/700-ft2-office-for-sale-karen-3663939,commercial-property,sale,"KSh 11,000"
"6,578 ft² Commercial Property with Parking in Mtwapa",Mtwapa,,,6578 ft²,17/07/2024,"['Balcony', 'Electric Fence', 'Garden', 'Parking']",/listings/6578-ft2-commercial-property-for-sale-mtwapa-3463893,commercial-property,sale,"KSh 19,000,000"
"Furnished 3,400 ft² Commercial Property with Fibre Internet in Westlands Area","Westlands Area, Westlands",,,3400 ft²,29/07/2024,"['Balcony', 'CCTV', 'Fibre Internet', 'Furnished', 'Lift/Elevator', 'Parking']",/listings/furnished-3400-ft2-commercial-property-for-sale-westlands-area-3663931,commercial-property,sale,"KSh 2,000,000"
Office in Kilimani,Kilimani,,,,05/02/2024,[],/listings/office-for-sale-kilimani-3662619,commercial-property,sale,"KSh 26,250,000"
Warehouse with Service Charge Included at Sabuni Road,"6, Sabuni road, Kisumu",,,,19/06/2024,"['Aircon', 'Alarm', 'CCTV', 'Electric Fence', 'Parking', 'Service Charge Included']",/listings/warehouse-for-sale-kisumu-3662381,commercial-property,sale,"KSh 120,000,000"
"2,500 ft² Commercial Property with Backup Generator at Argwings Kodhek","Argwings Kodhek, Kilimani",,,2500 ft²,22/07/2024,"['Alarm', 'Backup Generator', 'CCTV', 'Electric Fence', 'Fibre Internet', 'Parking', 'Wheelchair Access']",/listings/2500-ft2-commercial-property-for-sale-kilimani-3661311,commercial-property,sale,"KSh 29,000,000"
"2,100 ft² Commercial Property with Fibre Internet at Argwings Kodhek","Argwings Kodhek, Kilimani",,,2100 ft²,22/07/2024,"['Aircon', 'Alarm', 'CCTV', 'Electric Fence', 'Fibre Internet', 'Parking']",/listings/2100-ft2-commercial-property-for-sale-kilimani-3661305,commercial-property,sale,"KSh 26,250,000,000"
Commercial Property in Nairobi CBD,Nairobi CBD,,,,18/03/2024,[],/listings/commercial-property-for-sale-nairobi-cbd-3659902,commercial-property,sale,"KSh 475,000,000"
Commercial Property with Backup Generator at Moi Avenue,"Moi Avenue, Nairobi CBD",,,,29/07/2024,"['Backup Generator', 'Balcony', 'CCTV', 'Fibre Internet', 'Lift/Elevator', 'Wheelchair Access']",/listings/commercial-property-for-sale-nairobi-cbd-3658677,commercial-property,sale,"KSh 400,000,000"
Commercial Property in Karen,Karen,,,,18/03/2024,[],/listings/commercial-property-for-sale-karen-3658209,commercial-property,sale,"KSh 30,000,000"
Warehouse with Parking in Industrial Area,Industrial Area,,,,05/02/2024,['Parking'],/listings/warehouse-for-sale-industrial-area-3656555,commercial-property,sale,"KSh 450,000,000"
Warehouse in Kitengela,Kitengela,,,,05/02/2024,[],/listings/warehouse-for-sale-kitengela-3656468,commercial-property,sale,"KSh 280,000,000"
Commercial Property with Parking in Westlands Area,"Westlands Area, Westlands",,,,05/02/2024,['Parking'],/listings/commercial-property-for-sale-westlands-area-3655773,commercial-property,sale,"KSh 900,000,000"
Commercial Property at Githurai 45,"Githurai 45, Thika Road",,,,27/05/2024,[],/listings/commercial-property-for-sale-thika-road-3655565,commercial-property,sale,"KSh 10,000,000"
Commercial Property at Kiamumbi Estate,"Kiamumbi Estate, Kahawa West, Roysambu",,,,27/05/2024,[],/listings/commercial-property-for-sale-kahawa-west-3655518,commercial-property,sale,"KSh 55,000,000"
Commercial Property with Backup Generator in Nairobi CBD,Nairobi CBD,,,,06/06/2024,"['Alarm', 'Backup Generator', 'CCTV', 'Parking']",/listings/commercial-property-for-sale-nairobi-cbd-3-3473132,commercial-property,sale,"KSh 500,000,000"
Warehouse in Athi River,Athi River,,,,05/02/2024,[],/listings/warehouse-for-sale-athi-river-area-3652106,commercial-property,sale,"KSh 34,000,000"
0.5 ac Commercial Property with Parking in Gigiri,"Gigiri, Westlands",,,,01/07/2024,"['Garden', 'Parking', 'Wheelchair Access']",/listings/05-ac-commercial-property-for-sale-gigiri-3649756,commercial-property,sale,"KSh 120,000,000"
Commercial Property in Limuru,Limuru,,,,18/03/2024,[],/listings/commercial-property-for-sale-limuru-3649170,commercial-property,sale,"KSh 553,248,477"
Warehouse with Parking in Embakasi,Embakasi,,,,05/02/2024,['Parking'],/listings/warehouse-for-sale-embakasi-3646156,commercial-property,sale,"KSh 600,000,000"
Commercial Property with Backup Generator at Ngong Road Adams Arcade,"78, Ngong Road Adams Arcade, Ngong Road",,,,26/04/2024,"['Alarm', 'Backup Generator', 'Balcony', 'CCTV', 'Electric Fence', 'Fibre Internet', 'Garden', 'Lift/Elevator', 'Wheelchair Access']",/listings/commercial-property-for-sale-ngong-road-3645916,commercial-property,sale,"KSh 700,000,000"
"Furnished 3,000 m² Commercial Property with Service Charge Included at Nyali","Mkomani, Nyali",,,3000 m²,01/07/2024,"['Aircon', 'Alarm', 'Backup Generator', 'Balcony', 'CCTV', 'Electric Fence', 'Fibre Internet', 'Furnished', 'Garden', 'Parking', 'Service Charge Included', 'Wheelchair Access']",/listings/furnished-3000-m2-commercial-property-for-sale-mkomani-3644981,commercial-property,sale,"KSh 185,000,000"
Commercial Property with Backup Generator at Close To Braeburn Garden Estate,"67, Close to Braeburn Garden Estate, Garden Estate, Roysambu",,,,26/04/2024,"['Alarm', 'Backup Generator', 'Balcony', 'CCTV', 'Electric Fence', 'Fibre Internet', 'Garden', 'Parking', 'Wheelchair Access']",/listings/commercial-property-for-sale-garden-estate-3643397,commercial-property,sale,"KSh 600,000,000"
Warehouse in Industrial Area,Industrial Area,,,,05/02/2024,[],/listings/warehouse-for-sale-industrial-area-3642831,commercial-property,sale,"KSh 27,500,000"
Warehouse in Industrial Area,Industrial Area,,,,05/02/2024,[],/listings/warehouse-for-sale-industrial-area-3641764,commercial-property,sale,"KSh 60,000,000"
Warehouse with Backup Generator in Mlolongo,Mlolongo,,,,27/06/2024,"['Backup Generator', 'CCTV', 'Electric Fence', 'Parking']",/listings/warehouse-for-sale-mlolongo-3641498,commercial-property,sale,"KSh 26,000,000"
Furnished Commercial Property with Service Charge Included in Kikambala,Kikambala,,,,22/07/2024,"['Aircon', 'Alarm', 'Backup Generator', 'Balcony', 'CCTV', 'Electric Fence', 'Fibre Internet', 'Furnished', 'Garden', 'Parking', 'Service Charge Included']",/listings/furnished-commercial-property-for-sale-kikambala-3637353,commercial-property,sale,"KSh 85,000,000"
Commercial Property in Industrial Area,Industrial Area,,,,05/02/2024,[],/listings/commercial-property-for-sale-industrial-area-3635452,commercial-property,sale,"KSh 450,000,000"
"10,000 ft² Commercial Property with Parking at Nyali","nyali, Mkomani, Nyali",,,10000 ft²,06/05/2024,"['Balcony', 'Electric Fence', 'Garden', 'Parking']",/listings/10000-ft2-commercial-property-for-sale-mkomani-3634082,commercial-property,sale,"KSh 55,000,000"
Commercial Property with Backup Generator in Tudor,"Tudor, Mombasa Island",,,,22/07/2024,"['Backup Generator', 'Balcony', 'Electric Fence', 'Parking']",/listings/commercial-property-for-sale-tudor-3632515,commercial-property,sale,"KSh 70,000,000"
"Furnished 1,900 ft² Office with Service Charge Included at Waiyaki Way","Waiyaki Way, Westlands Area, Westlands",,,1900 ft²,18/04/2024,"['Aircon', 'Alarm', 'Backup Generator', 'Balcony', 'CCTV', 'Electric Fence', 'Fibre Internet', 'Furnished', 'Lift/Elevator', 'Parking', 'Service Charge Included', 'Wheelchair Access']",/listings/furnished-1900-ft2-office-for-sale-westlands-area-3630406,commercial-property,sale,"KSh 28,652,000"
Commercial Property in Nairobi CBD,Nairobi CBD,,,,06/06/2024,[],/listings/commercial-property-for-sale-nairobi-cbd-3631261,commercial-property,sale,Price not communicated
Commercial Property with Service Charge Included at Runda Grove,"55, Runda grove, Gigiri, Westlands",,,,26/04/2024,"['Aircon', 'Alarm', 'Backup Generator', 'Balcony', 'CCTV', 'Electric Fence', 'Garden', 'Parking', 'Service Charge Included', 'Wheelchair Access']",/listings/commercial-property-for-sale-gigiri-3630868,commercial-property,sale,"KSh 750,000,000"
Commercial Property with Backup Generator at Runda Grove,"34, Runda grove, Runda, Westlands",,,,26/04/2024,"['Aircon', 'Alarm', 'Backup Generator', 'Balcony', 'CCTV', 'Electric Fence', 'Fibre Internet', 'Garden', 'Parking', 'Wheelchair Access']",/listings/commercial-property-for-sale-runda-3630858,commercial-property,sale,"KSh 750,000,000"
Office in Parklands,"Parklands, Westlands",,,,18/03/2024,[],/listings/office-for-sale-parklands-3629139,commercial-property,sale,"KSh 22,500,000"
Office in Westlands Area,"Westlands Area, Westlands",,,,18/03/2024,[],/listings/office-for-sale-westlands-area-3629134,commercial-property,sale,"KSh 60,297,050"
Warehouse in Eastern ByPass,"Eastern ByPass, Ruiru",,,,27/06/2024,[],/listings/warehouse-for-sale-eastern-bypass-3626727,commercial-property,sale,"KSh 34,272,000"
Commercial Property in Kitisuru,"Kitisuru, Westlands",,,,18/03/2024,[],/listings/commercial-property-for-sale-kitisuru-3624626,commercial-property,sale,"KSh 115,000,000"
"4,066.4 ft² Office in Westlands Area","Westlands Area, Westlands",,,4066 ft²,05/02/2024,[],/listings/40664-ft2-office-for-sale-westlands-area-3624095,commercial-property,sale,"KSh 13,500"
Warehouse in Athi River,Athi River,,,,05/02/2024,[],/listings/warehouse-for-sale-athi-river-area-3621703,commercial-property,sale,"KSh 700,000,000"
Commercial Property at Tiwi Near Travellers Beach Hotel,"Tiwi near Travellers Beach Hotel, Ukunda",,,,20/06/2024,[],/listings/commercial-property-for-sale-ukunda-3621427,commercial-property,sale,"KSh 6,500,000"
Commercial Property with Parking at Near Greensteads International School,"Near Greensteads International School, Nakuru County",,,,20/06/2024,['Parking'],/listings/commercial-property-for-sale-nakuru-3621343,commercial-property,sale,"KSh 45,000,000"
Commercial Property with Parking at Section 58,"Section 58, Nakuru County",,,,20/06/2024,['Parking'],/listings/commercial-property-for-sale-nakuru-3621338,commercial-property,sale,"KSh 280,000,000"
Commercial Property in Juja,Juja,,,,05/02/2024,[],/listings/commercial-property-for-sale-juja-3619003,commercial-property,sale,"KSh 2,843"
Commercial Property in Industrial Area,Industrial Area,,,,05/02/2024,[],/listings/commercial-property-for-sale-industrial-area-3616621,commercial-property,sale,"KSh 150,000,000"
Commercial Property in Karen,Karen,,,,18/03/2024,[],/listings/commercial-property-for-sale-karen-3616293,commercial-property,sale,"KSh 9,412,500"
Commercial Property in Karen,Karen,,,,18/03/2024,[],/listings/commercial-property-for-sale-karen-3616289,commercial-property,sale,"KSh 57,712,500"
Commercial Property in Nairobi CBD,Nairobi CBD,,,,05/02/2024,[],/listings/commercial-property-for-sale-nairobi-cbd-3616010,commercial-property,sale,Price not communicated
Office in Industrial Area,Industrial Area,,,,05/02/2024,[],/listings/office-for-sale-industrial-area-3616006,commercial-property,sale,"KSh 85,000,000"
0.5 ac Commercial Property in Ngara,Ngara,,,,07/05/2024,[],/listings/05-ac-commercial-property-for-sale-ngara-3615313,commercial-property,sale,"KSh 250,000,000"
Warehouse in Mombasa CBD,"Mombasa CBD, Mombasa Island",,,,02/07/2024,[],/listings/warehouse-for-sale-mombasa-cbd-3613945,commercial-property,sale,"KSh 65,000,000"
Commercial Property with Parking in Ruiru,Ruiru,,,,11/06/2024,"['Garden', 'Parking']",/listings/commercial-property-for-sale-ruiru-3612381,commercial-property,sale,"KSh 24,000,000"
Office with Backup Generator in Kilimani,Kilimani,,,,13/05/2024,"['Backup Generator', 'CCTV', 'Lift/Elevator', 'Parking']",/listings/office-for-sale-kilimani-3610707,commercial-property,sale,"KSh 14,500"
Commercial Property with Backup Generator in Westlands Area,"Westlands Area, Westlands",,,,24/07/2024,"['Aircon', 'Alarm', 'Backup Generator', 'Balcony', 'CCTV', 'Electric Fence', 'Fibre Internet', 'Lift/Elevator', 'Parking', 'Wheelchair Access']",/listings/commercial-property-for-sale-westlands-area-3605868,commercial-property,sale,"KSh 1,500,000,000"
Commercial Property with Backup Generator in Westlands Area,"Westlands Area, Westlands",,,,24/07/2024,"['Aircon', 'Alarm', 'Backup Generator', 'Balcony', 'CCTV', 'Electric Fence', 'Fibre Internet', 'Lift/Elevator', 'Parking', 'Wheelchair Access']",/listings/commercial-property-for-sale-westlands-area-3605860,commercial-property,sale,"KSh 1,500,000,000"
Warehouse in Athi River,Athi River,,,,05/02/2024,[],/listings/warehouse-for-sale-athi-river-area-3605353,commercial-property,sale,"KSh 23,000,000"
Warehouse in Langata,Langata,,,,05/02/2024,[],/listings/warehouse-for-sale-langata-3604849,commercial-property,sale,"KSh 180,000,000"
Warehouse in Juja,Juja,,,,05/02/2024,[],/listings/warehouse-for-sale-juja-3604841,commercial-property,sale,"KSh 32,000,000"
Warehouse in Industrial Area,Industrial Area,,,,05/02/2024,[],/listings/warehouse-for-sale-industrial-area-3603910,commercial-property,sale,"KSh 85,000,000"
Furnished Commercial Property with Parking in Ngara,Ngara,,,,20/04/2024,"['Alarm', 'Balcony', 'CCTV', 'Furnished', 'Parking']",/listings/furnished-commercial-property-for-sale-ngara-3603400,commercial-property,sale,"KSh 250,000,000"
"Furnished 10,226.05 ft² Commercial Property with Parking at Meru-Nanyuki Road","Meru-Nanyuki Road, Meru",,,10226 ft²,01/07/2024,"['Balcony', 'Furnished', 'Garden', 'Parking', 'Wheelchair Access']",/listings/furnished-1022605-ft2-commercial-property-for-sale-meru-1-3602195,commercial-property,sale,"KSh 58,000,000"
"5,000 ft² Warehouse in Industrial Area",Industrial Area,,,5000 ft²,05/02/2024,[],/listings/5000-ft2-warehouse-for-sale-industrial-area-1-3599422,commercial-property,sale,"KSh 75,000,000"
0.5 ac Commercial Property with Parking at Un Crescent,"UN Crescent, Gigiri, Westlands",,,,01/07/2024,"['Garden', 'Parking']",/listings/05-ac-commercial-property-for-sale-gigiri-3-3597322,commercial-property,sale,"KSh 120,000,000"
0.08 ha Commercial Property at Outering Road,"Outering, Outering Road, Donholm",,,,22/05/2024,[],/listings/008-ha-commercial-property-for-sale-donholm-4-3596477,commercial-property,sale,"KSh 35,000,000"
0.045 ac Commercial Property with Service Charge Included at Kitengela Empakasi,"Kitengella Empakasi, Kitengela Empakasi, Kitengela",,,,14/06/2024,"['Fibre Internet', 'Gated Community', 'Kids Play Area', 'Parking', 'Pet Friendly', 'Service Charge Included']",/listings/0045-ac-commercial-property-for-sale-kitengela-3-3595303,commercial-property,sale,"KSh 420,000"
"12,000 ft² Warehouse with Parking at Bamburi Road","17B, Bamburi Road, Industrial Area",,,12000 ft²,18/07/2024,"['Electric Fence', 'Parking']",/listings/12000-ft2-warehouse-for-sale-industrial-area-2-3596101,commercial-property,sale,"KSh 59,950,000"
Furnished 1.1 ac Commercial Property with Parking at Riverside Drive,"Riverside Drive, Riverside, Westlands",,,1 ac,01/07/2024,"['Balcony', 'CCTV', 'Furnished', 'Parking']",/listings/furnished-11-ac-commercial-property-for-sale-riverside-3-3595733,commercial-property,sale,"KSh 860,000,000"
2.5 ac Warehouse with Parking at Embakasi,Embakasi,,,2 ac,01/07/2024,['Parking'],/listings/25-ac-warehouse-for-sale-embakasi-3-3591481,commercial-property,sale,"KSh 380,000,000"
0.47 ac Commercial Property with Parking at Mucai Drive,"44, Mucai Drive, Ngong Road",,,,04/07/2024,"['CCTV', 'Electric Fence', 'Garden', 'Parking', 'Pet Friendly', 'Wheelchair Access']",/listings/047-ac-commercial-property-for-sale-ngong-road-1-3590973,commercial-property,sale,"KSh 199,000,000"
Warehouse in Industrial Area,Industrial Area,,,,05/02/2024,[],/listings/warehouse-for-sale-industrial-area-1-3590459,commercial-property,sale,"KSh 220,000,000"
"Furnished 5,500 m² Office with Backup Generator in Westlands Area","Westlands Area, Westlands",,,5500 m²,20/04/2024,"['Aircon', 'Alarm', 'Backup Generator', 'Balcony', 'CCTV', 'Electric Fence', 'Fibre Internet', 'Furnished', 'Garden', 'Lift/Elevator', 'Parking', 'Wheelchair Access']",/listings/furnished-5500-m2-office-for-sale-westlands-area-3590243,commercial-property,sale,"KSh 82,500,000"
"2,100 ft² Commercial Property with Fibre Internet at Argwings Kodhek","Argwings Kodhek, Kilimani",,,2100 ft²,22/07/2024,"['Alarm', 'Balcony', 'CCTV', 'Electric Fence', 'Fibre Internet', 'Parking']",/listings/2100-ft2-commercial-property-for-sale-kilimani-2-3589764,commercial-property,sale,"KSh 27,000,000"
Commercial Property in Ngara,Ngara,,,,27/06/2024,[],/listings/commercial-property-for-sale-ngara-6-3588726,commercial-property,sale,"KSh 130,000,000"
Office with Backup Generator in Westlands Area,"Westlands Area, Westlands",,,,01/04/2024,"['Aircon', 'Alarm', 'Backup Generator', 'Balcony', 'CCTV', 'Electric Fence', 'Fibre Internet', 'Garden', 'Lift/Elevator', 'Parking', 'Wheelchair Access']",/listings/office-for-sale-westlands-area-4-3584373,commercial-property,sale,"KSh 14,500"
"Furnished 8,000 m² Commercial Property with Service Charge Included at Kilifi",Kilifi,,,8000 m²,01/07/2024,"['Aircon', 'Alarm', 'Backup Generator', 'Balcony', 'CCTV', 'Electric Fence', 'Fibre Internet', 'Furnished', 'Garden', 'Parking', 'Service Charge Included', 'Wheelchair Access']",/listings/furnished-8000-m2-commercial-property-for-sale-kilifi-town-16-3584243,commercial-property,sale,"KSh 90,000,000"
Warehouse in Industrial Area,Industrial Area,,,,05/02/2024,[],/listings/warehouse-for-sale-industrial-area-1-3584222,commercial-property,sale,"KSh 160,000,000"
Commercial Property with Parking in Hurlingham,Hurlingham,,,,09/07/2024,"['Balcony', 'Garden', 'Parking']",/listings/commercial-property-for-sale-hurlingham-3584054,commercial-property,sale,"KSh 20,000,000"
Furnished Commercial Property with Service Charge Included in Kilifi County,Kilifi County,,,,22/07/2024,"['Aircon', 'Backup Generator', 'Balcony', 'CCTV', 'Electric Fence', 'Furnished', 'Garden', 'Parking', 'Service Charge Included']",/listings/furnished-commercial-property-for-sale-kilifi-10-3581788,commercial-property,sale,"KSh 59,000,000"
"1,550 ft² Office with Parking at Argwings Kodhek","Argwings Kodhek, Hurlingham",,,1550 ft²,20/04/2024,"['Alarm', 'CCTV', 'Electric Fence', 'Parking']",/listings/1550-ft2-office-for-sale-hurlingham-3581816,commercial-property,sale,"KSh 19,500,000"
"1,011 m² Commercial Property with Balcony at Off Makadara Road","Off Makadara road, Mombasa CBD, Mombasa Island",,,1011 m²,06/06/2024,['Balcony'],/listings/1011-m2-commercial-property-for-sale-mombasa-cbd-3-3581596,commercial-property,sale,"KSh 36,000,000"
"1,196 ft² Office with Lift at Muthithi Road","Muthithi road, Parklands, Westlands",,,1196 ft²,20/04/2024,"['CCTV', 'Electric Fence', 'Lift/Elevator', 'Parking']",/listings/1196-ft2-office-for-sale-parklands-3580000,commercial-property,sale,"KSh 16,950,000"
Office with Backup Generator in Kilimani,Kilimani,,,,05/02/2024,"['Backup Generator', 'CCTV']",/listings/office-for-sale-kilimani-1-3577857,commercial-property,sale,"KSh 16,500,000"
1.2 ac Commercial Property with Parking at Serena,"Serena Punda Milia, Serena, Shanzu",,,1 ac,01/07/2024,"['Balcony', 'Garden', 'Parking', 'Wheelchair Access']",/listings/12-ac-commercial-property-for-sale-shanzu-16-3577030,commercial-property,sale,"KSh 50,000,000"
Warehouse with Parking at Industrial Area,Industrial Area,,,,18/06/2024,['Parking'],/listings/warehouse-for-sale-industrial-area-6-3574719,commercial-property,sale,"KSh 218,000,000"
Warehouse with Parking in Industrial Area,Industrial Area,,,,05/02/2024,['Parking'],/listings/warehouse-for-sale-industrial-area-1-3573748,commercial-property,sale,"KSh 200,000,000"
940 ft² Office in Kilimani,Kilimani,,,940 ft²,05/02/2024,[],/listings/940-ft2-office-for-sale-kilimani-1-3573667,commercial-property,sale,"KSh 11,233,000"
Furnished 39 m² Office with Service Charge Included at 1600/Aa Karen - The Water ...,"1600/AA Karen - The waterMark Business, Karen",,,39 m²,20/03/2024,"['Aircon', 'Alarm', 'Furnished', 'Garden', 'Service Charge Included']",/listings/furnished-39-m2-office-for-sale-karen-1-8275,commercial-property,sale,"KSh 103,000,000"
Furnished 46 m² Office with Service Charge Included at 1600/Caf Karen,"1600/Caf Karen, Karen",,,46 m²,12/02/2024,"['Aircon', 'Alarm', 'Furnished', 'Service Charge Included']",/listings/furnished-46-m2-office-for-sale-karen-5-32688,commercial-property,sale,"KSh 95,000,000"
"2,402 m² Office with Service Charge Included in Karen",Karen,,,2402 m²,12/02/2024,"['Backup Generator', 'CCTV', 'Electric Fence', 'Garden', 'Lift/Elevator', 'Service Charge Included']",/listings/2402-m2-office-for-sale-karen-6-3380080,commercial-property,sale,"KSh 100,000,000"
"4,046 m² Commercial Property with Backup Generator at Shanzu","shanzu, Nyali Area, Nyali",,,4046 m²,07/05/2024,"['Alarm', 'Backup Generator', 'Balcony', 'CCTV', 'Electric Fence', 'Fibre Internet', 'Garden', 'Parking', 'Wheelchair Access']",/listings/4046-m2-commercial-property-for-sale-nyali-area-11-3560283,commercial-property,sale,"KSh 260,000,000"
0.25 ac Commercial Property in Kilimani,Kilimani,,,,06/06/2024,[],/listings/025-ac-commercial-property-for-sale-kilimani-2-3564048,commercial-property,sale,"KSh 140,000,000"
Warehouse with Backup Generator in Industrial Area,Industrial Area,,,,06/06/2024,"['Backup Generator', 'CCTV', 'Parking']",/listings/warehouse-for-sale-industrial-area-2-3562260,commercial-property,sale,"KSh 650,000,000"
Warehouse with Backup Generator in Juja,Juja,,,,05/02/2024,['Backup Generator'],/listings/warehouse-for-sale-juja-1-3561541,commercial-property,sale,"KSh 3,200"
Warehouse in Industrial Area,Industrial Area,,,,05/02/2024,[],/listings/warehouse-for-sale-industrial-area-1-3559569,commercial-property,sale,"KSh 350,000,000"
Office in Westlands Area,"Westlands Area, Westlands",,,,05/02/2024,[],/listings/office-for-sale-westlands-area-1-3559306,commercial-property,sale,"KSh 240,000,000"
"5,250 ft² Warehouse in Thika Road",Thika Road,,,5250 ft²,16/05/2024,[],/listings/5250-ft2-warehouse-for-sale-thika-road-9-3557702,commercial-property,sale,"KSh 3,200"
Warehouse with Parking at Shimanzi,"Shimanzi, Mombasa CBD, Mombasa Island",,,,02/07/2024,"['CCTV', 'Parking']",/listings/warehouse-for-sale-mombasa-cbd-3474372,commercial-property,sale,"KSh 392,000"
Commercial Property with Lift in Mombasa CBD,"Mombasa CBD, Mombasa Island",,,,02/07/2024,"['Lift/Elevator', 'Parking', 'Wheelchair Access']",/listings/commercial-property-for-sale-mombasa-cbd-3474369,commercial-property,sale,"KSh 350,000,000"
1.2 ac Commercial Property with Service Charge Included at Serena Mombasa,"Serena, Serena Mombasa, Shanzu",,,1 ac,01/07/2024,"['Aircon', 'Alarm', 'Backup Generator', 'Balcony', 'CCTV', 'Electric Fence', 'Fibre Internet', 'Garden', 'Parking', 'Service Charge Included', 'Wheelchair Access']",/listings/12-ac-commercial-property-for-sale-shanzu-16-3554850,commercial-property,sale,"KSh 250,000,000"
Furnished 10 ac Commercial Property with Service Charge Included at Malindi,Malindi,,,10 ac,01/07/2024,"['Aircon', 'Alarm', 'Backup Generator', 'Balcony', 'CCTV', 'Electric Fence', 'Fibre Internet', 'Furnished', 'Garden', 'Lift/Elevator', 'Parking', 'Service Charge Included', 'Wheelchair Access']",/listings/furnished-10-ac-commercial-property-for-sale-malindi-16-3553896,commercial-property,sale,"KSh 1,300,000,000"
Commercial Property in Parklands,"Parklands, Westlands",,,,05/02/2024,[],/listings/commercial-property-for-sale-parklands-1-3553163,commercial-property,sale,"KSh 40,194,000"
"7,405 ft² Commercial Property at Bunyala Road","Bunyala Road, Industrial Area",,,7405 ft²,01/07/2024,[],/listings/7405-ft2-commercial-property-for-sale-industrial-area-3-3552998,commercial-property,sale,"KSh 90,000,000"
Commercial Property in Mombasa Island,Mombasa Island,,,,05/06/2024,[],/listings/commercial-property-for-sale-mombasa-island-8-3409209,commercial-property,sale,"KSh 80,000,000"
2.6 ac Commercial Property with Backup Generator at La-Marina Mtwapa,"La-marina, La-marina Mtwapa, Mtwapa",,,2 ac,01/07/2024,"['Aircon', 'Alarm', 'Backup Generator', 'Balcony', 'CCTV', 'Electric Fence', 'Fibre Internet', 'Garden', 'Parking', 'Wheelchair Access']",/listings/26-ac-commercial-property-for-sale-mtwapa-16-3552451,commercial-property,sale,"KSh 230,000,000"
"1,950 ft² Office with Parking at Parklands","3rd Parklands Avenue, Parklands, Westlands",,,1950 ft²,01/07/2024,['Parking'],/listings/1950-ft2-office-for-sale-parklands-3-3552395,commercial-property,sale,"KSh 43,000,000"
"11,500 ft² Commercial Property in Industrial Area",Industrial Area,,,11500 ft²,16/05/2024,[],/listings/11500-ft2-commercial-property-for-sale-industrial-area-9-3552038,commercial-property,sale,"KSh 65,000,000"
Warehouse in Eastern ByPass,"Eastern ByPass, Ruiru",,,,05/02/2024,[],/listings/warehouse-for-sale-eastern-bypass-1-3551794,commercial-property,sale,"KSh 50,000,000"
Commercial Property with Fibre Internet at Nakuru Town,"Nakuru town, Nakuru",,,,30/07/2024,"['Fibre Internet', 'Garden', 'Parking']",/listings/commercial-property-for-sale-nakuru-town-18-3530856,commercial-property,sale,"KSh 50,000,000"
Furnished 3 ac Commercial Property with Service Charge Included at Kanamai,"Kanamai, Kikambala",,,3 ac,01/07/2024,"['Aircon', 'Alarm', 'Backup Generator', 'Balcony', 'CCTV', 'Electric Fence', 'Fibre Internet', 'Furnished', 'Garden', 'Parking', 'Service Charge Included', 'Wheelchair Access']",/listings/furnished-3-ac-commercial-property-for-sale-kikambala-16-3550053,commercial-property,sale,"KSh 70,000,000"
Warehouse with Electric Fence in Industrial Area,Industrial Area,,,,05/02/2024,['Electric Fence'],/listings/warehouse-for-sale-industrial-area-1-3547007,commercial-property,sale,"KSh 275,000,000"
Office with Service Charge Included in Kilimani,Kilimani,,,,18/04/2024,"['Aircon', 'Alarm', 'Backup Generator', 'Balcony', 'CCTV', 'Electric Fence', 'Fibre Internet', 'Lift/Elevator', 'Parking', 'Service Charge Included', 'Wheelchair Access']",/listings/office-for-sale-kilimani-4-3546653,commercial-property,sale,"KSh 12,000"
"1,008 ft² Office with Backup Generator at Westlands","WESTLANDS, Westlands Area, Westlands",,,1008 ft²,18/04/2024,"['Aircon', 'Alarm', 'Backup Generator', 'CCTV', 'Electric Fence', 'Fibre Internet', 'Lift/Elevator', 'Parking', 'Wheelchair Access']",/listings/1008-ft2-office-for-sale-westlands-area-4-3546634,commercial-property,sale,"KSh 12,096,000"
Commercial Property with Backup Generator at Tsavo Road,"tsavo road, South B",,,,20/04/2024,"['Alarm', 'Backup Generator', 'Balcony', 'CCTV', 'Electric Fence', 'Fibre Internet', 'Lift/Elevator', 'Parking']",/listings/commercial-property-for-sale-south-b-3546603,commercial-property,sale,"KSh 700,000,000"
Warehouse with Parking in Ruiru,Ruiru,,,,05/02/2024,"['Electric Fence', 'Parking']",/listings/warehouse-for-sale-ruiru-1-3546571,commercial-property,sale,"KSh 26,000,000"
Commercial Property with Fibre Internet in Kizingo,"Kizingo, Mombasa Island",,,,05/06/2024,"['Balcony', 'CCTV', 'Fibre Internet', 'Garden', 'Parking']",/listings/commercial-property-for-sale-kizingo-1-3543542,commercial-property,sale,"KSh 115,000,000"
Office with Backup Generator in Westlands Area,"Westlands Area, Westlands",,,,05/02/2024,"['Backup Generator', 'Balcony', 'CCTV', 'Lift/Elevator']",/listings/office-for-sale-westlands-area-1-3539513,commercial-property,sale,"KSh 10,800,000"
Warehouse in Industrial Area,Industrial Area,,,,06/06/2024,[],/listings/warehouse-for-sale-industrial-area-2-3537723,commercial-property,sale,"KSh 80,000,000"
Warehouse with Fibre Internet at Eastern Bypass Rd,"Eastern Bypass Rd, Embakasi",,,,18/06/2024,"['Alarm', 'CCTV', 'Electric Fence', 'Fibre Internet', 'Parking']",/listings/warehouse-for-sale-embakasi-6-3535566,commercial-property,sale,"KSh 36,000,000"
Warehouse with Fibre Internet at Infinity,"Infinity, Eastern ByPass, Ruiru",,,,18/06/2024,"['Alarm', 'CCTV', 'Electric Fence', 'Fibre Internet', 'Parking']",/listings/warehouse-for-sale-eastern-bypass-6-3534500,commercial-property,sale,"KSh 36,000,000"
0.9 ac Commercial Property at N/A,"n/a, Industrial Area",,,,05/02/2024,[],/listings/09-ac-commercial-property-for-sale-industrial-area-1-3531388,commercial-property,sale,"KSh 300,000,000"
"11,500 ft² Warehouse with Parking at N/A","n/a, Industrial Area",,,11500 ft²,05/02/2024,"['Aircon', 'Alarm', 'Parking']",/listings/11500-ft2-warehouse-for-sale-industrial-area-1-3526947,commercial-property,sale,"KSh 80,000,000"
Commercial Property with Backup Generator at N/A,"n/a, Industrial Area",,,,05/02/2024,"['Aircon', 'Alarm', 'Backup Generator', 'Parking', 'Wheelchair Access']",/listings/commercial-property-for-sale-industrial-area-1-3526543,commercial-property,sale,"KSh 360,000,000"
"6,500 ft² Warehouse with Parking at N/A","N/A, Mtwapa",,,6500 ft²,05/02/2024,"['CCTV', 'Electric Fence', 'Parking']",/listings/6500-ft2-warehouse-for-sale-mtwapa-1-3524399,commercial-property,sale,KSh 1
Commercial Property with Fibre Internet at Cbd,"Cbd, Nairobi CBD",,,,18/06/2024,['Fibre Internet'],/listings/commercial-property-for-sale-nairobi-cbd-6-3523417,commercial-property,sale,Price not communicated
"150,000 ft² Warehouse with Parking at Lunga Lunga Rd","N/A, Lunga Lunga Rd, Industrial Area",,,150000 ft²,05/02/2024,"['CCTV', 'Electric Fence', 'Parking']",/listings/150000-ft2-warehouse-for-sale-industrial-area-1-3522275,commercial-property,sale,"KSh 550,000,000"
"6,000 ft² Warehouse with Backup Generator at N/A","N/A, Ruiru",,,6000 ft²,05/02/2024,"['Alarm', 'Backup Generator', 'CCTV', 'Electric Fence', 'Fibre Internet', 'Parking']",/listings/6000-ft2-warehouse-for-sale-ruiru-1-3522254,commercial-property,sale,"KSh 22,800,000"
"8,500 ft² Warehouse with Parking in Industrial Area",Industrial Area,,,8500 ft²,12/06/2024,['Parking'],/listings/8500-ft2-warehouse-for-sale-industrial-area-3-3505293,commercial-property,sale,"KSh 50,000,000"
"12,000 ft² Commercial Property with Lift in Westlands Area","Westlands Area, Westlands",,,12000 ft²,05/02/2024,['Lift/Elevator'],/listings/12000-ft2-commercial-property-for-sale-westlands-area-1-3500905,commercial-property,sale,"KSh 120,000,000"
1.5 ac Commercial Property with Backup Generator in Nyali Area,"Nyali, Nyali Area",,,1 ac,17/07/2024,"['Aircon', 'Alarm', 'Backup Generator', 'Balcony', 'CCTV', 'Electric Fence', 'Fibre Internet', 'Garden', 'Parking', 'Wheelchair Access']",/listings/15-ac-commercial-property-for-sale-nyali-area-13-3487245,commercial-property,sale,"KSh 280,000,000"
0.77 ac Warehouse with Parking at Zam,"Nairobi, Zam, Kikuyu Town, Kikuyu",,,,05/02/2024,['Parking'],/listings/077-ac-warehouse-for-sale-kikuyu-town-1-3486822,commercial-property,sale,"KSh 150,000,000"
0.257 ac Warehouse with Fibre Internet at Airport North Road,"Nairobi, Airport North Road, Embakasi",,,,05/02/2024,"['Fibre Internet', 'Parking']",/listings/0257-ac-warehouse-for-sale-embakasi-1-3486818,commercial-property,sale,"KSh 120,000,000"
Commercial Property with Parking in Nairobi West,Nairobi West,,,,22/05/2024,"['CCTV', 'Parking']",/listings/commercial-property-for-sale-nairobi-west-3484683,commercial-property,sale,"KSh 150,000,000"
Commercial Property at Maasai Rd,"Maasai Rd, Mombasa Road",,,,18/06/2024,[],/listings/commercial-property-for-sale-mombasa-road-11-3484184,commercial-property,sale,"KSh 340,000,000"
Commercial Property with Service Charge Included in Waiyaki Way,"Waiyaki Way, Westlands",,,,03/06/2024,"['Aircon', 'Alarm', 'Backup Generator', 'Balcony', 'CCTV', 'Electric Fence', 'Fibre Internet', 'Lift/Elevator', 'Parking', 'Service Charge Included', 'Wheelchair Access']",/listings/commercial-property-for-sale-waiyaki-way-10-3480582,commercial-property,sale,"KSh 400,000,000"
Commercial Property in Athi River,Athi River,,,,06/06/2024,[],/listings/commercial-property-for-sale-athi-river-area-2-3474813,commercial-property,sale,Price not communicated
Commercial Property in Westlands Area,"Westlands Area, Westlands",,,,06/06/2024,[],/listings/commercial-property-for-sale-westlands-area-3-3472714,commercial-property,sale,"KSh 400,000,000"
"90,000 ft² Warehouse with Backup Generator at Kenya","Kiambu County, Kenya, Limuru",,,90000 ft²,05/02/2024,"['Backup Generator', 'Electric Fence', 'Parking']",/listings/90000-ft2-warehouse-for-sale-limuru-1-3472028,commercial-property,sale,"KSh 650,000,000"
"5,102 ft² Warehouse with Backup Generator at Off Baba Dogo Rd","Nairobi, Off Baba Dogo Rd, Ruaraka",,,5102 ft²,05/02/2024,"['Backup Generator', 'CCTV', 'Electric Fence', 'Parking']",/listings/5102-ft2-warehouse-for-sale-ruaraka-1-3470024,commercial-property,sale,"KSh 27,423,250"
Commercial Property with Fibre Internet in Industrial Area,Industrial Area,,,,20/04/2024,"['CCTV', 'Electric Fence', 'Fibre Internet', 'Parking']",/listings/commercial-property-for-sale-industrial-area-5-3464820,commercial-property,sale,"KSh 290,000,000"
"3,587 ft² Office with Backup Generator in Riverside","Riverside Drive, Riverside, Westlands",,,3587 ft²,05/02/2024,"['Alarm', 'Backup Generator', 'CCTV']",/listings/3587-ft2-office-for-sale-riverside-1-3461999,commercial-property,sale,"KSh 65,000,000"
Warehouse with Parking in South C,South C,,,,20/04/2024,"['CCTV', 'Electric Fence', 'Parking']",/listings/warehouse-for-sale-south-c-5-3460262,commercial-property,sale,"KSh 50,000,000"
Warehouse with Electric Fence in Athi River,Athi River,,,,05/02/2024,['Electric Fence'],/listings/warehouse-for-sale-athi-river-area-2-3460231,commercial-property,sale,"KSh 19,200,000"
"5,747 m² Commercial Property with Backup Generator at Mtwapa","Mtomondoni Creek Rd Mtwapa, Mtwapa",,,5747 m²,18/06/2024,"['Alarm', 'Backup Generator', 'Balcony', 'CCTV', 'Garden']",/listings/5747-m2-commercial-property-for-sale-mtwapa-11-3450035,commercial-property,sale,"KSh 120,000,000"
385 m² Commercial Property with Backup Generator at Mombasa Cbd,"Mombasa Cbd, Mombasa CBD, Mombasa Island",,,385 m²,18/06/2024,"['Backup Generator', 'Balcony', 'CCTV', 'Lift/Elevator']",/listings/385-m2-commercial-property-for-sale-mombasa-cbd-11-3449952,commercial-property,sale,"KSh 215,000,000"
986 m² Commercial Property in Nairobi CBD,Nairobi CBD,,,986 m²,06/06/2024,[],/listings/986-m2-commercial-property-for-sale-nairobi-cbd-3-3449817,commercial-property,sale,"KSh 150,000,000"
2.5 ac Commercial Property in Mombasa Road,Mombasa Road,,,2 ac,12/06/2024,[],/listings/25-ac-commercial-property-for-sale-mombasa-road-11-3449625,commercial-property,sale,"KSh 200,000,000"
Commercial Property in Dagoretti Corner,Dagoretti Corner,,,,08/06/2024,[],/listings/commercial-property-for-sale-dagoretti-corner-11-3446142,commercial-property,sale,"KSh 110,000,000"
Office with Backup Generator at Westlands,"Westlands, Westlands Area",,,,18/06/2024,"['Alarm', 'Backup Generator', 'CCTV', 'Fibre Internet', 'Lift/Elevator']",/listings/office-for-sale-westlands-area-12-3445524,commercial-property,sale,"KSh 65,000,000"
"2,300 ft² Shop with Lift at Woodvale Grove","Woodvale Grove, Westlands Area, Westlands",,,2300 ft²,30/04/2024,['Lift/Elevator'],/listings/2300-ft2-shop-for-sale-westlands-area-6-3444666,commercial-property,sale,"KSh 28,750,000"
511 m² Warehouse in Kisumu,Kisumu,,,511 m²,06/06/2024,[],/listings/511-m2-warehouse-for-sale-kisumu-4-3444493,commercial-property,sale,"KSh 20,000,000"
Warehouse in Nakuru,Nakuru,,,,06/06/2024,[],/listings/warehouse-for-sale-nakuru-town-3-3437155,commercial-property,sale,"KSh 650,000,000"
Commercial Property in Kisumu,Kisumu,,,,06/06/2024,[],/listings/commercial-property-for-sale-kisumu-2-3427824,commercial-property,sale,"KSh 150,000,000"
"5,325 ft² Commercial Property with Backup Generator in Karen",Karen,,,5325 ft²,12/02/2024,"['Backup Generator', 'Parking']",/listings/5325-ft2-commercial-property-for-sale-karen-8-3427504,commercial-property,sale,"KSh 95,000,000"
"19,587 ft² Commercial Property with Backup Generator in Karen",Karen,,,19587 ft²,12/02/2024,"['Backup Generator', 'Parking']",/listings/19587-ft2-commercial-property-for-sale-karen-7-3427503,commercial-property,sale,"KSh 103,000,000"
Warehouse in Kisumu,Kisumu,,,,06/06/2024,[],/listings/warehouse-for-sale-kisumu-3-3427216,commercial-property,sale,"KSh 130,000,000"
511 m² Office with Backup Generator in Westlands Area,"Westlands Area, Westlands",,,511 m²,06/06/2024,"['Backup Generator', 'CCTV', 'Lift/Elevator']",/listings/511-m2-office-for-sale-westlands-area-2-3412521,commercial-property,sale,"KSh 14,500"
Commercial Property in Shanzu,Shanzu,,,,05/06/2024,[],/listings/commercial-property-for-sale-shanzu-10-3410214,commercial-property,sale,"KSh 28,000,000"
381 m² Office with Backup Generator at Ndege Road,"Ndege Road, Karen",,,381 m²,12/02/2024,"['Backup Generator', 'Garden', 'Parking']",/listings/381-m2-office-for-sale-karen-8-3404523,commercial-property,sale,"KSh 83,500,000"
128 m² Warehouse in Imara Daima,Imara Daima,,,128 m²,22/04/2024,[],/listings/128-m2-warehouse-for-sale-imara-daima-5-3402698,commercial-property,sale,"KSh 95,000,000"
"4,040 ft² Warehouse with Parking at Baba Dogo Road","Baba Dogo Road, Ruaraka",,,4040 ft²,05/02/2024,"['Electric Fence', 'Parking']",/listings/4040-ft2-warehouse-for-sale-ruaraka-2-3399571,commercial-property,sale,"KSh 22,220,000"
Shop in Likoni,Likoni,,,,05/06/2024,[],/listings/shop-for-sale-likoni-10-3397847,commercial-property,sale,"KSh 15,500,000"
Commercial Property in Nyali Area,"Nyali Area, Nyali",,,,05/06/2024,[],/listings/commercial-property-for-sale-nyali-area-1-3391990,commercial-property,sale,"KSh 40,000,000"
Furnished 274 m² Office with Service Charge Included at 1600/A Karen - The Water ...,"1600/A Karen - The waterMark Cove, Karen",,,274 m²,12/02/2024,"['Aircon', 'Alarm', 'Furnished', 'Service Charge Included']",/listings/furnished-274-m2-office-for-sale-karen-6-8272,commercial-property,sale,"KSh 676,000,000"
Furnished Commercial Property with Service Charge Included at Karen,Karen,,,,27/07/2024,"['Balcony', 'CCTV', 'Electric Fence', 'Fibre Internet', 'Furnished', 'Garden', 'Gated Community', 'Parking', 'Pet Friendly', 'Service Charge Included']",/listings/furnished-commercial-property-for-sale-karen-3710068,commercial-property,sale,"KSh 140,000,000"
Commercial Property with Backup Generator in Kikuyu Town,"Kikuyu Town, Kikuyu",,,,23/07/2024,"['Alarm', 'Backup Generator', 'CCTV', 'Electric Fence', 'Fibre Internet', 'Garden', 'Gated Community', 'Kids Play Area', 'Parking', 'Wheelchair Access']",/listings/commercial-property-for-sale-kikuyu-town-3708671,commercial-property,sale,"KSh 300,000,000"
Furnished Commercial Property with Backup Generator at Watamu,Watamu,,,,03/07/2024,"['Aircon', 'Alarm', 'Backup Generator', 'Balcony', 'CCTV', 'Fibre Internet', 'Furnished', 'Garden', 'Parking', 'Wheelchair Access']",/listings/furnished-commercial-property-for-sale-watamu-3703461,commercial-property,sale,"KSh 901,267,000"
Commercial Property with Service Charge Included at Karen,"karen, Karen",,,,22/07/2024,"['Alarm', 'Balcony', 'Electric Fence', 'Fibre Internet', 'Garden', 'Parking', 'Pet Friendly', 'Service Charge Included']",/listings/commercial-property-for-sale-karen-3693495,commercial-property,sale,"KSh 120,000,000"
"5,701 ft² Warehouse with Backup Generator at Baba Dogo Rd","Baba Dogo Rd, Ruaraka",,,5701 ft²,03/07/2024,"['Alarm', 'Backup Generator', 'CCTV', 'Electric Fence', 'Fibre Internet', 'Gated Community', 'Parking', 'Wheelchair Access']",/listings/5701-ft2-warehouse-for-sale-ruaraka-3686496,commercial-property,sale,"KSh 4,750"
Commercial Property with Backup Generator in Kilimani,Kilimani,,,,02/07/2024,"['Alarm', 'Backup Generator', 'Balcony', 'CCTV', 'Electric Fence', 'Fibre Internet', 'Lift/Elevator', 'Parking', 'Wheelchair Access']",/listings/commercial-property-for-sale-kilimani-3682228,commercial-property,sale,"KSh 11,950"
"8,400 ft² Warehouse with Backup Generator in Athi River",Athi River,,,8400 ft²,03/07/2024,"['Alarm', 'Backup Generator', 'CCTV', 'Electric Fence', 'Fibre Internet', 'Gated Community', 'Parking']",/listings/8400-ft2-warehouse-for-sale-athi-river-area-3679719,commercial-property,sale,"KSh 28,000,000"
Commercial Property in Nairobi CBD,Nairobi CBD,,,,02/07/2024,[],/listings/commercial-property-for-sale-nairobi-cbd-3677435,commercial-property,sale,"KSh 3,600,000,000"
1 ft² Commercial Property with Backup Generator in Kilimani,Kilimani,,,1 ft²,02/07/2024,"['Backup Generator', 'Electric Fence', 'Fibre Internet', 'Lift/Elevator', 'Parking']",/listings/1-ft2-commercial-property-for-sale-kilimani-3677408,commercial-property,sale,"KSh 12,000"
364 m² Commercial Property with Parking at Summit Vine Court,"Summit Vine Court, Utawala",,,364 m²,20/06/2024,"['Balcony', 'Parking']",/listings/364-m2-commercial-property-for-sale-utawala-1-3676609,commercial-property,sale,"KSh 14,500,000"
0.125 ac Commercial Property with Parking in Ngara,Ngara,,,,02/07/2024,['Parking'],/listings/0125-ac-commercial-property-for-sale-ngara-3672134,commercial-property,sale,"KSh 85,000,000"
0.5 ac Commercial Property with Backup Generator in Westlands Area,"Westlands Area, Westlands",,,,02/07/2024,"['Backup Generator', 'Balcony', 'CCTV', 'Fibre Internet', 'Lift/Elevator', 'Parking', 'Wheelchair Access']",/listings/05-ac-commercial-property-for-sale-westlands-area-3668777,commercial-property,sale,"KSh 1,200,000,000"
Commercial Property with Fibre Internet at Waiyaki Way,"Waiyaki Way, Westlands",,,,06/02/2024,"['Balcony', 'Electric Fence', 'Fibre Internet', 'Parking']",/listings/commercial-property-for-sale-waiyaki-way-3668159,commercial-property,sale,"KSh 45,000,000"
"37,500 ft² Warehouse with Backup Generator at Lusaka Rd","Lusaka Rd, Industrial Area",,,37500 ft²,03/07/2024,"['Alarm', 'Backup Generator', 'CCTV', 'Electric Fence', 'Fibre Internet', 'Parking', 'Wheelchair Access']",/listings/37500-ft2-warehouse-for-sale-industrial-area-3665663,commercial-property,sale,"KSh 220,000,000"
780 ft² Commercial Property with Fibre Internet at Karen,Karen,,,780 ft²,22/07/2024,"['Balcony', 'Fibre Internet', 'Garden', 'Parking']",/listings/780-ft2-commercial-property-for-sale-karen-1-3620640,commercial-property,sale,"KSh 120,000,000"
Commercial Property with Backup Generator at Lockwood Area Mbaruk,"Lockwood Area Mbaruk, Nakuru County",,,,16/07/2024,"['Backup Generator', 'CCTV', 'Electric Fence', 'Fibre Internet', 'Garden', 'Parking', 'Wheelchair Access']",/listings/commercial-property-for-sale-nakuru-3614984,commercial-property,sale,"KSh 30,000,000"
Office with Lift in Nyali Area,"Nyali Area, Nyali",,,,02/07/2024,"['CCTV', 'Lift/Elevator', 'Parking', 'Wheelchair Access']",/listings/office-for-sale-nyali-area-3598702,commercial-property,sale,"KSh 6,000,000"
"Furnished 39,609 ft² Commercial Property with Service Charge Included at Lavingt ...","Gitonga road, Lavington",,,39609 ft²,10/07/2024,"['Aircon', 'Alarm', 'Backup Generator', 'Balcony', 'CCTV', 'Electric Fence', 'Fibre Internet', 'Furnished', 'Garden', 'Parking', 'Service Charge Included', 'Wheelchair Access']",/listings/furnished-39609-ft2-commercial-property-for-sale-lavington-3578472,commercial-property,sale,"KSh 650,000,000"
"63,500 ft² Commercial Property with Backup Generator at General Motors","Mombasa road, General motors, Mombasa Road",,,63500 ft²,10/07/2024,"['Aircon', 'Alarm', 'Backup Generator', 'CCTV', 'Electric Fence', 'Fibre Internet', 'Garden', 'Parking', 'Wheelchair Access']",/listings/63500-ft2-commercial-property-for-sale-mombasa-road-3578464,commercial-property,sale,"KSh 600,000,000"
"12,100 ft² Commercial Property in Ngara",Ngara,,,12100 ft²,02/07/2024,[],/listings/12100-ft2-commercial-property-for-sale-ngara-10-3473715,commercial-property,sale,"KSh 200,000,000"
Office with Backup Generator in Industrial Area,Industrial Area,,,,02/07/2024,"['Alarm', 'Backup Generator', 'CCTV', 'Fibre Internet', 'Lift/Elevator', 'Parking', 'Wheelchair Access']",/listings/office-for-sale-industrial-area-14-3448825,commercial-property,sale,"KSh 425,000,000"
Commercial Property at Fisheries,"Fisheries, Bamburi",,,,22/07/2024,[],/listings/commercial-property-for-sale-bamburi-10-3486169,commercial-property,sale,"KSh 40,000,000"
